Task Name,Status,Time,Start_time,End_time,Pre_pause_time
task1,Paused,1738180860.7748387,1738180746.8413968,1738180746.8413968,16.098205089569092
